Achilles Tang,0.39825883507728577,-0.11398918181657791,0.06665974855422974
Purple Tang,0.3125300407409668,-0.0917934775352478,0.04094132035970688
Afghan Tortoise,0.138522669672966,0.09321451932191849,-0.7548971176147461
Markhor,0.16962864995002747,0.08108863979578018,-0.7599161267280579
African Clawed Frog,0.07746545225381851,0.01877506449818611,-0.15612562000751495
Zebrafish,0.09540493041276932,0.03187277168035507,-0.13804969191551208
Rainbow shark,0.05961517244577408,0.01879696361720562,-0.16773758828639984
Honey Bush,0.1460196077823639,0.06280812621116638,-0.21875382959842682
Goldfish ,-0.018293889239430428,-0.03251706436276436,-0.05787520483136177
African Spurred Tortoise,0.010528212413191795,0.05252031981945038,0.08836738765239716
Leopard Tortoise,0.024458060041069984,0.03915482386946678,0.07792048156261444
Elongated Tortoise,0.02182053215801716,0.10575084388256073,0.142849400639534
Savannah Monitor,0.08205674588680267,0.04439209774136543,0.10018928349018097
Takin,-0.00789574533700943,0.00846486072987318,0.008588551543653011
Aldabra Giant Tortoise,0.041673146188259125,0.08630005270242691,0.1409563571214676
Alligator Snapping Turtle,-0.0798465833067894,-0.025602176785469055,0.028089920058846474
Indian Star Tortoise,0.04239592328667641,0.09788321703672409,0.13505177199840546
Alligator Gar,-0.10307761281728745,-0.054537467658519745,-0.022223250940442085
Arapaima,-0.1252540647983551,-0.07884540408849716,-0.0321807935833931
Gator,-0.007540395483374596,-0.05234140902757645,0.0202140212059021
American Crocodile,-0.03144550323486328,-0.09524300694465637,0.021219512447714806
Kinkajou,-0.18041059374809265,-0.12970103323459625,-0.048947107046842575
Mekong catfish,-0.1658223569393158,-0.10348361730575562,-0.044796090573072433
Red Fish,-0.0788617953658104,0.00681156013160944,-0.009750405326485634
Halloween Pennant,-0.17709212005138397,-0.12189732491970062,-0.06889379024505615
Clown knifefish,-0.06543390452861786,-0.04684777557849884,-0.04019971191883087
Nightfish,-0.03925303742289543,-0.01006433553993702,-0.07650945335626602
Diamondback Terrapin,-0.04135836660861969,-0.04693983122706413,0.14956966042518616
Longnose Gar,-0.1250399500131607,-0.08849995583295822,-0.054741956293582916
Largemouth Bass,-0.09428523480892181,-0.04052381590008736,-0.02174070104956627
Bighead Carp ,-0.07298015803098679,-0.05051722005009651,-0.07080188393592834
Electric eel,-0.0225182194262743,-0.059718336910009384,0.0001532239402877167
Pig Frog,-0.19001668691635132,-0.12128689140081406,-0.03961293026804924
Florida Gar,-0.16315262019634247,-0.09219557791948318,-0.038707196712493896
Blue Catfish,-0.16162759065628052,-0.062147971242666245,-0.032549068331718445
Smallmouth Bass,-0.11348732560873032,-0.04558980092406273,-0.02415015734732151
Redear Sunfish,-0.04422551020979881,-0.09476517140865326,-0.21453891694545746
Pirarucu,-0.0889214277267456,-0.11298518627882004,0.006497938651591539
Goblin Shark,-0.04338109493255615,-0.04752448946237564,-0.09889665246009827
Hellbender,-0.2080816924571991,-0.036712467670440674,0.15573126077651978
Smallmouth Buffalo,-0.20422905683517456,-0.09602523595094681,-0.04756518080830574
Needlenose,-0.14859890937805176,-0.08869437873363495,-0.0338108167052269
Giant Gourami,-0.19893546402454376,-0.09269702434539795,-0.06704302877187729
Swampfish,-0.20058897137641907,-0.10725735127925873,-0.03748292103409767
Shortnose Gar,-0.19203941524028778,-0.12037426978349686,-0.024792157113552094
Giant Snakehead,-0.18846644461154938,-0.11333326250314713,-0.06270493566989899
Dog fish,-0.03905702009797096,0.007826556451618671,0.08958353102207184
Arrow Head,-0.03911444917321205,-0.16656288504600525,-0.04060646519064903
Kaluga,-0.21644748747348785,-0.10748879611492157,-0.09960666298866272
Red snapper,-0.10977799445390701,0.06314519792795181,0.03101428598165512
Bowfin,-0.1922515481710434,-0.09742870181798935,-0.07526718825101852
Bull Shark,-0.06160126253962517,-0.04602941498160362,-0.024019211530685425
Alpine Marmot,0.6308058500289917,-0.7161495089530945,0.1328555792570114
African Pygmy Squirrel,0.6535802483558655,-0.7424092292785645,0.13741116225719452
Ambon Chromis,0.44750767946243286,-0.27516046166419983,-0.6054019927978516
Longfin Bannerfish,0.4489143192768097,-0.29232338070869446,-0.5980526208877563
American Alligator,-0.0161131639033556,-0.06223386898636818,0.02561689354479313
American Beaver,-0.009568814188241959,-0.1652764230966568,0.027146723121404648
Nile Crocodile,-0.021484870463609695,-0.1079888790845871,0.02383791096508503
Black Caiman,-0.08651406317949295,-0.1324758678674698,-0.0463562086224556
Flip Flop,-0.02459091693162918,-0.0034570242278277874,-0.007043319288641214
No name,0.10962400585412979,-0.06775641441345215,0.07207939773797989
Saw Grass,0.002879310864955187,-0.09814732521772385,0.03236360847949982
Topi,-0.10743022710084915,0.026657139882445335,0.02442583627998829
Bald Eagle,-0.07988925278186798,-0.037237491458654404,0.014324415475130081
Godbless,-0.007971640676259995,-0.008052905090153217,-0.028613140806555748
King Cobra,0.006294795777648687,-0.08783287554979324,0.055969323962926865
Great Blue Heron,-0.02317116968333721,-0.11656469851732254,-0.02258916199207306
Navy Blue,-0.04548966512084007,-0.025658901780843735,0.05558376386761665
Dovetail,-0.07579998672008514,0.014796961098909378,0.06585528701543808
Magellanic Penguin,0.011069348081946373,-0.16262279450893402,0.02760414220392704
Burmese Python,-0.009530872106552124,-0.10665302723646164,0.08315490186214447
Dwarf Caiman,-0.009042493999004364,-0.06686604022979736,-0.020448949187994003
Choppers,0.036043815314769745,-0.04974696412682533,-0.008511779829859734
Crested Gecko,0.07193147391080856,-0.02759171836078167,0.05954618379473686
American Burying Beetle,0.6712570190429688,0.24102267622947693,-0.46694478392601013
Greater Sage Grouse,0.6578690409660339,0.22338420152664185,-0.4749439060688019
Swift Fox,0.6854366660118103,0.25849461555480957,-0.4597722589969635
Osprey,-0.04315291345119476,-0.016630426049232483,0.014526940882205963
Delmarva Fox Squirrel,-0.04832139611244202,-0.19428186118602753,0.03965381160378456
Wolverine,-0.027755821123719215,-0.02813016250729561,-0.016321079805493355
Orinoco Crocodile,0.03229248896241188,-0.21710151433944702,0.09183129668235779
American Lady,-0.09525648504495621,0.16473272442817688,-0.1480049341917038
Painted Lady,-0.08126477152109146,0.13282468914985657,-0.12256531417369843
Common Buckeye,-0.1269841492176056,0.23878973722457886,-0.20712099969387054
American Snout,0.687170147895813,0.3996654748916626,0.71056067943573
Snout Butterfly,0.6704024076461792,0.38972243666648865,0.6926080584526062
Amethystine Python,-0.00203284271992743,-0.12744058668613434,0.19032011926174164
Scrub Python,0.0017820528009906411,-0.11164610832929611,0.16285094618797302
Annular Seabream,0.36176568269729614,0.2176392525434494,0.7137959599494934
Axillary Seabream,0.3794742524623871,0.22880668938159943,0.7479569911956787
Antarctic Silverfish,-0.30665791034698486,0.20961229503154755,0.07609584182500839
Antarctic Krill,-0.2235502451658249,0.15413354337215424,0.05844657123088837
Aoudad,0.2324836254119873,0.22646167874336243,0.12298882007598877
Barbary Sheep,0.21392185986042023,0.20575764775276184,0.11805208027362823
Addax,0.268974632024765,0.25791001319885254,0.13265655934810638
Wild Turkey,0.29299578070640564,0.2897144854068756,0.14525386691093445
Wild Sheep,0.26441362500190735,0.25937822461128235,0.1450774222612381
Axis Deer,0.24459271132946014,0.2391054630279541,0.12867729365825653
Gemsbok,0.27485421299934387,0.27068662643432617,0.1441672444343567
Blackbuck,0.2485753446817398,0.24413150548934937,0.129415363073349
Bighorn Sheep,0.2623096704483032,0.26603150367736816,0.13485972583293915
Mountain Sheep,0.2895149290561676,0.288218230009079,0.15814946591854095
Arctic Grayling,-0.08172418922185898,-0.016402095556259155,0.020754499360919
Atlantic Salmon,-0.05267685279250145,0.02058945968747139,0.051354870200157166
Bull Trout,-0.0980190634727478,-0.005766871385276318,0.03889863193035126
Arctic Fox,-0.014850934967398643,-0.019516393542289734,0.08588975667953491
Blue Fish,-0.05427943542599678,0.006994815077632666,-0.015403300523757935
Red Salmon,-0.06775552034378052,0.07650420069694519,0.03192416578531265
Walleye,-0.11016522347927094,-0.011071898974478245,-0.019528867676854134
Polar Bear,-0.009626384824514389,-0.022820711135864258,0.01262753363698721
Whale Shark,-0.04855995252728462,-0.018064722418785095,0.023108836263418198
Burbot,-0.0905466377735138,-0.05049147084355354,0.009104239754378796
Steelhead,-0.07553455978631973,0.029894031584262848,0.004967113956809044
Fallfish,-0.09231414645910263,0.012220311909914017,-0.003046852769330144
Asian Chameleon,0.22962769865989685,0.5343896746635437,0.7064715027809143
Unau,0.24131815135478973,0.5214752554893494,0.7029913663864136
Asian Vine Snake,-0.08450947701931,-0.33789217472076416,0.20342013239860535
Green Vine Snake,-0.04075383022427559,-0.22984625399112701,0.13917428255081177
Oriental Whip Snake,-0.11549866944551468,-0.4109119176864624,0.24816136062145233
Atlantic Bluefin Tuna,-0.08584197610616684,0.04859909042716026,-0.08451203256845474
Sockeye Salmon,-0.06387915462255478,0.06210332363843918,0.025907738134264946
Striped Dolphin,-0.1357445865869522,0.08517222106456757,-0.17767828702926636
Josef,-0.06772037595510483,0.024407025426626205,-0.11757170408964157
Atlantic Bonito,-0.14419469237327576,0.08930107951164246,-0.036041393876075745
False Albacore,-0.19372166693210602,0.1346839964389801,-0.0347391776740551
Yellowmouth Barracuda,-0.20048241317272186,0.13251537084579468,-0.06846124678850174
Mahimahi,-0.09139909595251083,0.05227973312139511,0.009481511078774929
Aurochs,0.05013599246740341,-0.1916160136461258,-0.02010846510529518
Wisent,0.08600681275129318,-0.25203821063041687,-0.03661348670721054
Wildcat,0.036977484822273254,-0.06921330094337463,0.030743887647986412
Baby’s Tears,-0.26494932174682617,0.12621480226516724,-0.28299880027770996
Leaflove,-0.3255442678928375,0.1523328274488449,-0.34297454357147217
Snakeplant,-0.176557257771492,0.0887800082564354,-0.19594375789165497
Balga,-0.01907242462038994,0.14025457203388214,-0.09742768853902817
Marri,-0.03296734020113945,0.05059058219194412,-0.034642718732357025
Bambara Groundnut,0.8904523253440857,-0.017700951546430588,-0.40474364161491394
Mung Bean,0.8348564505577087,-0.017157742753624916,-0.3793375790119171
Banded Wrasse,0.6141968965530396,-0.03144709765911102,0.6826939582824707
Banded wrasse,0.5956892371177673,-0.029455404728651047,0.6654306650161743
Mountain Lion,0.06296270340681076,0.03603048250079155,0.07808841019868851
Barbú,0.06275172531604767,0.004132522735744715,0.02313808910548687
Barbudo,0.06803935766220093,0.002086109248921275,0.03238566964864731
Miro,-0.022533444687724113,0.05240892246365547,-0.04788580909371376
Beardie,0.05452709645032883,-0.005094392225146294,0.04908353090286255
red pencil,0.16586673259735107,0.004311752505600452,0.02775087021291256
Black Mamba,0.0009383546421304345,-0.061691395938396454,0.019500471651554108
Rasoir,0.1647994965314865,0.007540913298726082,0.039828259497880936
Blue Jay,0.055119168013334274,0.06759662926197052,0.03133828938007355
Haha,0.008079558610916138,0.019003773108124733,0.03015245497226715
Barnes' Blue,-0.003348368452861905,0.1031368300318718,-0.0691816508769989
Polka Dot,-0.0045353807508945465,0.04662061110138893,-0.021143727004528046
Basa fish,-0.1599307358264923,0.14480271935462952,-0.05120040848851204
Lemon Fish,-0.22406445443630219,0.21857018768787384,-0.0849955677986145
Sweet Potato,-0.09555787593126297,0.06831822544336319,-0.014015277847647667
Baw Baw Frog,-0.29550501704216003,-0.3887310326099396,-0.7101455330848694
Christmas Island Pipistrelle,-0.3142934739589691,-0.4139026999473572,-0.757490336894989
Eastern Barred Bandicoot,-0.26521894335746765,-0.3486657738685608,-0.6352968811988831
Bay Anchovy,-0.7827374339103699,0.0871916115283966,0.5137557983398438
Bay anchovy,-0.7919003963470459,0.09021217375993729,0.5247043371200562
Beaded Lizard,-0.08690647780895233,-0.1931920051574707,-0.09092549234628677
Gila Monster,-0.06765234470367432,-0.16366441547870636,-0.06422490626573563
Geckos,0.06002476438879967,-0.010926198214292526,0.07079444080591202
Papaya,-0.030537357553839684,0.03536741062998772,0.013153962790966034
Bearded Tit,0.06652473658323288,-0.004093424417078495,0.055291783064603806
Ball Python,0.057449132204055786,-0.03312508761882782,0.05782315507531166
Bearded Vulture,0.14764413237571716,-0.0027988129295408726,0.09738388657569885
Mealworms,0.0969223603606224,-0.0034464625641703606,0.06249575689435005
Veiled Chameleon,0.0896749421954155,0.010479249991476536,0.06096481531858444
Catla ,0.011154578998684883,-0.013015266507863998,-0.022321095690131187
Yellowheart,0.06633079797029495,-0.031554825603961945,-0.0031285660807043314
Sugar Glider,0.05471555143594742,-0.027080005034804344,0.043199244886636734
Bell Pepper,-0.03503807261586189,0.06654763221740723,0.018712710589170456
Tokay Gecko,0.13567811250686646,0.00993239413946867,0.07975897192955017
Chinese Water Dragon,0.13500866293907166,0.022237658500671387,0.07803890854120255
Koala,-0.0025963576044887304,-0.05845542997121811,0.08263973146677017
Corn Snake,0.03751856088638306,-0.037253133952617645,0.06948918104171753
Weka,0.13750948011875153,-0.0147390803322196,0.11385519057512283
Walrus,-0.017679519951343536,-0.03149257227778435,0.04373641684651375
Cockatiel,0.13301625847816467,0.001173919765278697,0.12024477869272232
Squash,-0.031164182350039482,0.0699770450592041,0.015308762900531292
Sleepy Lizard,0.14493268728256226,-0.02177714928984642,0.09952417761087418
Bearded Seal,0.1522538810968399,-0.012324722483754158,0.08415716886520386
Uku,-0.020784959197044373,0.029827434569597244,0.015665488317608833
Beaugregory,0.4585746228694916,-0.12662580609321594,-0.7355809807777405
Beau Gregory,0.4532428979873657,-0.13311539590358734,-0.7326078414916992
Beeliner,-0.11771734058856964,0.054449260234832764,-0.04120003059506416
Vermillion,-0.0734059065580368,0.013616285286843777,-0.06333751231431961
Belted Crayfish,-0.8392303586006165,-0.17703558504581451,0.22063015401363373
Freckled Crayfish,-0.8291304707527161,-0.18192222714424133,0.23467949032783508
Bengal Monitor Lizard,-0.3145295977592468,0.6918386220932007,0.6463386416435242
Common Indian Monitor,-0.3102467954158783,0.6744881272315979,0.632807195186615
Bigeye Trevally,0.1412399262189865,-0.03687627241015434,-0.12269789725542068
Coronation Trout,0.22536270320415497,-0.007886509411036968,-0.16290943324565887
Bohar Snapper,0.044876400381326675,0.03157774358987808,-0.061670441180467606
Bluefin Trevally,0.26606741547584534,-0.10746065527200699,-0.1526298075914383
Glass Fish,0.23609404265880585,-0.10439446568489075,-0.16143180429935455
Bigeye Tuna,-0.10642688721418381,0.07017628103494644,0.03192496299743652
Yellowfin Tuna,-0.08585860580205917,0.05952346324920654,0.022390125319361687
Blue Marlin,-0.08076933026313782,0.050364721566438675,0.012082651257514954
Blackfin Tuna,-0.09036340564489365,0.06130753085017204,0.009210076183080673
Blue Shark,-0.06831881403923035,0.02767283283174038,0.0523148849606514
Horsemackerel,-0.16274729371070862,0.09119530767202377,0.11833744496107101
Billfish,-0.07936563342809677,0.04873069375753403,0.011548669077455997
Skip Jack,-0.10815485566854477,0.057080309838056564,0.015582111664116383
Bigfin Reef Squid,-0.21825489401817322,0.1652868539094925,0.1770881712436676
Hong Kong Grouper,-0.2583581805229187,0.2308347225189209,0.23389162123203278
Red Sea Bream,-0.1852138787508011,0.11585331708192825,0.11284559220075607
Black carp,-0.13111242651939392,-0.10164153575897217,-0.1144161969423294
Common Carp,-0.05455858260393143,-0.0022419835440814495,-0.04763839766383171
White Marlin,-0.08429088443517685,0.05622750520706177,0.01671382412314415
Striped Marlin,-0.08753833919763565,0.05647721886634827,0.01493296679109335
Mahi-mahi,-0.0911029726266861,0.0629744827747345,0.0018478340934962034
Orca,-0.046667519956827164,-0.014092865400016308,-0.00789208896458149
Black Marlin,-0.08475784957408905,0.06171496957540512,0.016552390530705452
Giant Trevally,-0.05064994841814041,0.02576250582933426,0.07347654551267624
Cobia,-0.10636080056428909,0.04941299557685852,0.023942330852150917
Aardvark,-0.00772239500656724,0.018380913883447647,-0.06988779455423355
Minde,-0.00872031319886446,0.07898860424757004,0.03434545919299126
Garpike,-0.10867628455162048,0.11465177685022354,0.019396308809518814
Merlin,0.025905566290020943,-0.001209510606713593,0.008714394643902779
Broadbill Swordfish,-0.11401789635419846,0.15135924518108368,0.025892095640301704
Spectacled Caiman,-0.037783630192279816,-0.12072537839412689,-0.004495704546570778
Amazon River Dolphin,-0.139287531375885,-0.2199690341949463,-0.07624462246894836
Neotropical Otter,-0.12849783897399902,-0.2215813845396042,-0.08585643768310547
Sand Shark,-0.13809369504451752,-0.21409295499324799,-0.09110581129789352
Black Carp,-0.14152944087982178,-0.11274639517068863,-0.1278688907623291
Banded Killifish,-0.19000469148159027,-0.15745589137077332,-0.17862820625305176
Quagga Mussel,-0.11569132655858994,-0.11617373675107956,-0.08311818540096283
black fish,-0.05894389748573303,-0.01668538711965084,-0.01353839784860611
Black Copper Rat Snake,0.028923215344548225,-0.026390427723526955,-0.9006771445274353
Yellow striped Snake,0.027950944378972054,-0.032577842473983765,-0.893688440322876
Golden Tilefish,-0.1269904524087906,0.1016555204987526,0.021015314385294914
Silky Shark,-0.04110444709658623,0.033708490431308746,-0.0446477085351944
Gag Grouper,-0.1338595300912857,0.11928452551364899,-0.0026179193519055843
Red Grouper,-0.11982949823141098,0.0845968946814537,0.011399788782000542
Yellow Jack,0.007622596807777882,0.010294121690094471,-0.01589239574968815
Mackerel Tuna,-0.1401701420545578,0.16385537385940552,0.0010172881884500384
Wahoo Fish,-0.13249695301055908,0.0945846438407898,0.000662894279230386
Tautog,-0.07242687046527863,-0.007300206925719976,-0.005015936680138111
Pacific Blackdragon,-0.1307258903980255,-0.02755485102534294,-0.09445367753505707
Surf Redfish,-0.12337677925825119,-0.046128954738378525,-0.09535232931375504
Green Crab,-0.15298664569854736,0.020655300468206406,-0.013923969119787216
Drill,-0.030930770561099052,0.0017514239298179746,0.04875047877430916
White Whale,-0.061867646872997284,-0.006164169870316982,0.02811594493687153
Humpback Whale,0.07843471318483353,-0.10712029039859772,0.015368466265499592
River Blackfish,-0.12806281447410583,-0.062442999333143234,-0.08113449811935425
Galapagos Shark,-0.14228078722953796,-0.026782074943184853,-0.08282540738582611
Black Gum,-0.1439320147037506,-0.04924144968390465,-0.06971395015716553
Leopard Seal,-0.06072624772787094,-0.08421314507722855,-0.0127939498052001
Narwhal,-0.059704896062612534,-0.05956378951668739,-0.023846779018640518
Brown Trout,-0.11200220137834549,-0.04023456573486328,0.0010934318415820599
Black Beauty,-0.04606528580188751,-0.0020788656547665596,-0.06321573257446289
Blacklip Butterflyfish,0.014785940758883953,-0.3614882826805115,0.23769889771938324
Scalefin anthias,0.028204862028360367,-0.28527581691741943,0.17883650958538055
Blackmouth Catshark,-0.09628424793481827,0.8735219836235046,0.07827724516391754
Sailfin Roughshark,-0.10149050503969193,0.8869464993476868,0.07737862318754196
Blackneck Garter Snake,0.14066451787948608,0.010451989248394966,0.10761035233736038
Black phantom tetra,0.8685891628265381,0.13948555290699005,-0.21567238867282867
Phantom tetra,0.8954183459281921,0.14685896039009094,-0.21147382259368896
Harlequin Rasbora,0.7971700429916382,0.1244439035654068,-0.2017994523048401
Black Prince,-0.06623534858226776,0.0381363220512867,-0.07852161675691605
Rubber Plant,-0.09709303826093674,0.06929205358028412,-0.14369666576385498
Fair Maid,-0.10577832162380219,0.06559520959854126,-0.14077195525169373
Verdin,-0.14999502897262573,0.023831235244870186,-0.09582202136516571
Yellow Pea,-0.06526149809360504,-0.03601982071995735,-0.0835801288485527
Capsicum ,-0.03520611301064491,0.12309509515762329,-0.05091382935643196
Winterbloom,-0.11852815002202988,0.0793929174542427,-0.16763147711753845
panda,-0.0034320049453526735,0.026011541485786438,-0.044773295521736145
Robbie,-0.062224194407463074,0.03181169182062149,-0.0015669334679841995
Redwing,0.03554077818989754,0.0034766828175634146,-0.039827920496463776
Puma,-0.012978390790522099,-0.05153798311948776,0.04403045028448105
Black Squid,0.7063673138618469,0.5487852692604065,-0.08821447938680649
Indian Mackerel,0.6514416337013245,0.504482090473175,-0.0813404992222786
Blacktail Wrasse,0.6063814163208008,0.0935421884059906,-0.6711803078651428
Blacktail wrasse,0.5994756817817688,0.09717056155204773,-0.6538770198822021
Blind Cave Fish,-0.08268072456121445,-0.8387386798858643,0.12847205996513367
Mexican Tetra,-0.09820655733346939,-0.8472551703453064,0.12456540018320084
Blind Swamp Eel,-0.2029174566268921,0.5146117210388184,0.7638967037200928
Swamp eel,-0.21722933650016785,0.551776111125946,0.819347620010376
Blonde Ray,0.11052092909812927,0.037332020699977875,0.2552078664302826
Flapper Skate,0.08397924900054932,0.045094288885593414,0.29661890864372253
Nursehound,0.034558605402708054,0.02930319681763649,0.21693743765354156
Spotted Ray,0.12354002147912979,0.02480073645710945,0.28186285495758057
Undulate Ray,0.15112292766571045,0.045260366052389145,0.21522600948810577
Small Spotted Catshark,0.07761329412460327,0.013261731714010239,0.19586893916130066
Blue betta,-0.061774466186761856,-0.00764832366257906,-0.06314262747764587
Siamese Fighting Fish,-0.05941331386566162,-0.02809879742562771,-0.10809651017189026
Bluebolt,0.0042566522024571896,-0.052043650299310684,0.013882718048989773
Black Rose,0.0620017908513546,-0.14151665568351746,0.0062574115581810474
Goldcrest,0.07151088118553162,-0.13353975117206573,0.02860192209482193
Blue Heart,0.03317329287528992,-0.02839728444814682,-0.010259547270834446
Blue Chromis,0.43263596296310425,-0.11656855046749115,-0.07898562401533127
Green Chromis,0.42881008982658386,-0.1035219132900238,-0.038976121693849564
Grey Angelfish,0.3697528541088104,-0.09720885753631592,-0.11241226643323898
Sargeant Major,0.40739864110946655,-0.16202197968959808,-0.0828663781285286
Blue Flash,-0.016978653147816658,0.044844016432762146,0.09835406392812729
Green Flash,-0.022695017978549004,0.03070969134569168,0.07437275350093842
Bluegirdled Angelfish,0.30254560708999634,-0.18137730658054352,-0.9247837066650391
Blue Girdled Angelfish,0.28514742851257324,-0.1693187654018402,-0.8682447671890259
Brown Bear,-0.023897334933280945,0.046720270067453384,0.03438405692577362
Blue Duck,0.12986598908901215,-0.06441021710634232,-0.024570481851696968
Keno,0.027422521263360977,-0.05678565055131912,0.004068216308951378
Tasmanian Devil,0.12182610481977463,-0.07825202494859695,-0.03411738574504852
Seize,-0.0037029616069048643,0.04678868129849434,-0.049595970660448074
French Sole,0.1265408992767334,-0.06318913400173187,-0.039757147431373596
Pink Rose,0.051148079335689545,-0.06375064700841904,-0.07364413142204285
Blue star,0.07725246250629425,-0.07393375784158707,0.017455054447054863
Cheetah,0.0062162806279957294,-0.08959419280290604,-0.007171205244958401
Blue girl,0.06199515610933304,-0.040569499135017395,-0.01885080896317959
Black Swan,0.008361535146832466,-0.0062353117391467094,-0.05045409873127937
Cougar,-0.005944626405835152,0.01875515654683113,0.0395558699965477
Bluering Angelfish,-0.47577404975891113,-0.512466311454773,-0.6304060220718384
Blue Ring Angelfish,-0.4675637483596802,-0.5131512880325317,-0.6216753125190735
Blue Runner,-0.09188895672559738,0.01643136888742447,0.034196220338344574
Southern Stingray,-0.18936169147491455,0.005861727520823479,0.08197767287492752
Moon Fish,-0.11873413622379303,0.0648035854101181,0.08267699927091599
Blue Spiny Lobster,-0.36886757612228394,-0.04585441201925278,0.061674438416957855
Painted Spiny Lobster,-0.28166577219963074,-0.009677808731794357,0.03604823723435402
Bogue,-0.10000944137573242,0.0029780722688883543,0.07498320192098618
Shellfish,-0.14704471826553345,0.026797868311405182,0.0021704034879803658
Boring Clam,0.8841654658317566,-0.3150167167186737,0.30250483751296997
Western Fence Lizard,0.8471593260765076,-0.3022017776966095,0.2899983823299408
Boxelder,-0.042370982468128204,-0.03281445428729057,0.129571333527565
Sourwood,-0.051579006016254425,-0.04898716136813164,0.17803026735782623
Russian Olive,-0.06592240184545517,-0.07568534463644028,0.22409339249134064
Eastern Redcedar,-0.05725983902812004,-0.054960861802101135,0.1988794058561325
Silver Maple,-0.07229503244161606,-0.060345761477947235,0.22810550034046173
Pecan,-0.09156496077775955,0.023870013654232025,0.04606692120432854
Bigleaf Maple,-0.05752236768603325,-0.06489773094654083,0.22921237349510193
Rose Wood,-0.08287394046783447,0.009033157490193844,0.008524284698069096
Woodchuck,-0.026597166433930397,0.019584864377975464,0.10659164935350418
Sora,-0.099413201212883,-0.11895523965358734,0.18497562408447266
Bobcat,0.028587592765688896,-0.07403998076915741,0.05728795751929283
Braize,0.15701009333133698,-0.5004019141197205,0.8493464589118958
Mudpuppy,0.14213983714580536,-0.4919022023677826,0.8535325527191162
Breca,-0.04119975119829178,0.1319802701473236,-0.10777956247329712
Broadfin Shark,-0.43032196164131165,-0.1001766175031662,-0.7361054420471191
Widenose Guitarfish,-0.4544600546360016,-0.1054767593741417,-0.777656078338623
Broadleaf Plantain,0.218239426612854,0.8771144151687622,-0.2769600450992584
Red Clover,0.22658087313175201,0.908388078212738,-0.28627684712409973
Bronze Bream,0.37906697392463684,-0.08979655057191849,0.8842456936836243
Pignose Grunter,0.37047767639160156,-0.08260527998209,0.8667386770248413
Brownfish,-0.10721693933010101,-0.029726481065154076,-0.009667865000665188
Brown Lipped Snail,-0.30157196521759033,0.25633612275123596,0.0482276976108551
Song Thrush,-0.24296167492866516,0.1804882287979126,0.0596410371363163
Brown Tang,0.7486523389816284,0.2773003876209259,0.6820899248123169
Banded Shark,0.7089866399765015,0.26243534684181213,0.6475378274917603
Brown Vine Snake,0.1468968540430069,-0.9274569153785706,-0.14136077463626862
Brown Vinesnake,0.15557673573493958,-0.9296021461486816,-0.14732898771762848
Bullrush,0.03086542710661888,-0.01193391066044569,0.12792418897151947
Sweet Grass,0.05741304159164429,0.003569027641788125,0.1955890655517578
Red Rover,0.076245978474617,0.01764715649187565,0.2208651453256607
Rook,-0.009501886554062366,-0.04035317525267601,0.026341145858168602
Schooly,0.07149820774793625,0.004193919710814953,0.2259015440940857
long yam,0.062191303819417953,0.0166415274143219,0.22680379450321198
Bush Vetch,0.1579098105430603,0.5594119429588318,-0.4562983810901642
White Clover,0.17987211048603058,0.6368201971054077,-0.5167647004127502
Caribbean Reef Shark,0.21211868524551392,0.8930634260177612,0.08336177468299866
Sandbar Shark,0.20875445008277893,0.8741220831871033,0.07573205977678299
Caribbean Spiny Lobster,-0.24456283450126648,-0.848675549030304,-0.13685914874076843
American Lobster,-0.25440001487731934,-0.8821648955345154,-0.14242368936538696
Hilsa,0.06357133388519287,-0.01391428429633379,-0.04600293189287186
Celestial Pearl Danio,0.31270191073417664,-0.11096999794244766,-0.20608195662498474
Channeled Applesnail,0.05426040291786194,-0.00806086603552103,-0.07299716025590897
Water Lettuce,0.02682100422680378,-0.038021765649318695,-0.10753679275512695
Chevron Tang,0.3731722831726074,-0.10405942052602768,0.0554334856569767
Chinese catfish,-0.28964900970458984,0.42354509234428406,0.8291528820991516
Chinese Catfish,-0.2847086489200592,0.416736900806427,0.8153791427612305
Chinese Giant Salamander,0.09704627096652985,-0.31402963399887085,0.15970462560653687
Leatherback Sea Turtle,0.14378324151039124,-0.37697306275367737,0.20838434994220734
Chinese Tiger,0.0025567414704710245,-0.2333083599805832,-0.049064651131629944
Javan Tiger,-0.007027935236692429,-0.3315243422985077,-0.07722378522157669
Clarion Angelfish,0.3612785041332245,-0.6599788069725037,-0.6130120754241943
Conspicuous Angelfish,0.3747958242893219,-0.6851015686988831,-0.6356120705604553
Cline,0.03141015022993088,-0.1281079202890396,0.10711660236120224
Red Berry,0.07405252009630203,-0.19754990935325623,0.17096590995788574
Clown Anemonefish,0.5838481187820435,0.5001655220985413,0.37413153052330017
Tomato Anemonefish,0.6309661865234375,0.541693925857544,0.40297284722328186
Chital,-0.05096367001533508,-0.07554087787866592,-0.030133413150906563
Jack Dempsey,0.019614597782492638,-0.050124503672122955,-0.09396281838417053
White Bass,-0.12414253503084183,-0.013285176828503609,-0.023075547069311142
Striped Bass,-0.09493640810251236,0.013153624720871449,-0.007518484722822905
Clown Tang,0.46685537695884705,-0.07972519844770432,-0.023416250944137573
Powder Blue Tang,0.3788715898990631,-0.07112981379032135,-0.020206090062856674
Snowflake Moray,0.46664270758628845,-0.06837496161460876,-0.0210594329982996
Cobnut,0.01793830096721649,0.1581707000732422,0.0013726386241614819
Cashew,-0.058105431497097015,0.10482878983020782,0.017311155796051025
Horseradish,-0.01968960464000702,0.11047649383544922,-0.002765792654827237
Walnuts,0.030742891132831573,0.14061744511127472,-0.0005484297289513052
Greengage,0.03207288309931755,0.19571126997470856,0.008178658783435822
Lingonberry,0.033406443893909454,0.1728561669588089,-0.030932044610381126
Colossal squid,-0.043195899575948715,-0.03659273311495781,-0.01574186235666275
Great White Shark,-0.07399509847164154,-0.01318264938890934,-0.06640098243951797
Common Alder,-0.10834548622369766,-0.09623683243989944,0.9433147311210632
Common alder,-0.10967400670051575,-0.09735450893640518,0.9547444581985474
Common Birch,-0.372368723154068,0.2286057323217392,0.13327908515930176
Silver birch,-0.2714144289493561,0.16384802758693695,0.09753452241420746
European Alder,-0.44173821806907654,0.2732721269130707,0.15797527134418488
Common Blue Damselfly,0.5345780253410339,-0.5374574661254883,0.3665781021118164
Southern Damselfly,0.555215060710907,-0.569840133190155,0.3886333703994751
Norfolk Hawker,0.5397982001304626,-0.5643905401229858,0.3638908863067627
Azure Damselfly,0.5686500072479248,-0.5601715445518494,0.3890332579612732
Large Red Damsel,0.4772680103778839,-0.4749889075756073,0.325350284576416
Common Cuttlefish,0.17170599102973938,0.10626909881830215,-0.07800441235303879
Mimic octopus,0.2447398602962494,0.16493555903434753,-0.10996068269014359
Matches,0.062467023730278015,0.02340526133775711,-0.03262648731470108
Common Dolphinfish,0.19622759521007538,-0.09315712749958038,-0.7424660325050354
Common Dolphin Fish,0.2017589956521988,-0.0965198501944542,-0.7652348875999451
Common Spiny Lobster,-0.3861483931541443,0.05412226542830467,0.0037822737358510494
European Spiny Lobster,-0.28966355323791504,0.043325845152139664,0.003492644988000393
Common Tree Snake,-0.1414983570575714,0.1178659126162529,0.8527944087982178
Eastern Bluetongue,-0.13997292518615723,0.11289706826210022,0.8281545639038086
Congo Tetra,0.13964606821537018,-0.015104534104466438,-0.17013077437877655
Denison Barb,0.16553007066249847,-0.011903401464223862,-0.18604755401611328
African Leaffish,0.21327652037143707,-0.005779754836112261,-0.2349620908498764
Humphead Glassfish,0.20080997049808502,-0.011019120924174786,-0.2245520055294037
Convict Fish,0.05077407509088516,-0.10157156735658646,-0.18190862238407135
Convict Surgeonfish,0.5117611885070801,0.17864228785037994,0.1052052453160286
Convict Tang,0.46938037872314453,0.15554557740688324,0.10162360221147537
Purple Firefish,0.35008347034454346,0.0867750495672226,0.0913386419415474
Copperhead Rat Snake,0.15599240362644196,0.15893903374671936,0.9364162087440491
Radiated Ratsnake,0.15235373377799988,0.1418197602033615,0.9331586360931396
Copse Snail,0.02585403434932232,-0.6920124888420105,-0.8179321885108948
White Lipped Snail,0.022960295900702477,-0.6768463850021362,-0.8033449053764343
Coral Beauty Angel,0.30972927808761597,0.05565183609724045,0.09022319316864014
Royal Gramma,0.20942744612693787,0.016416342929005623,0.0711972564458847
Fire Goby,0.30102643370628357,0.03963719308376312,0.09032028168439865
Cordonnier,0.09524622559547424,0.020591173321008682,-0.07943731546401978
Bayad,0.1760445237159729,0.04622932896018028,-0.13572844862937927
Corsican Mint,0.03099091164767742,0.24105697870254517,-0.02352975867688656
Chives,0.012083427980542183,0.1733206808567047,-0.018492428585886955
Apple Mint,0.06028185412287712,0.3327314257621765,-0.042541950941085815
English Thyme,0.058468710631132126,0.33482182025909424,-0.03132661432027817
Fever Tree,0.0014599019195884466,0.17739051580429077,-0.027148395776748657
Pickling,-0.011329942382872105,0.10716365277767181,0.006062199827283621
Crested Weedfish,-0.42897704243659973,0.6023750305175781,-0.5525526404380798
Crested weedfish,-0.4328716993331909,0.5972410440444946,-0.5692075490951538
Cuban Treefrog,-0.013835659250617027,-0.02876063622534275,-0.16607262194156647
Cane Toad,-0.04576878249645233,-0.03709006682038307,-0.1849018633365631
Gopher Tortoise,0.02886020392179489,0.01587851531803608,-0.06145603954792023
American Green Treefrog,-0.023957546800374985,-0.05099031329154968,-0.2714698612689972
Cut-grass,0.0937507301568985,-0.12542179226875305,-0.011893905699253082
Egyptian Goose,0.08471354842185974,-0.0904226079583168,-0.0799761414527893
Dageraad,0.07190325856208801,0.0806780532002449,0.09130165725946426
Damsel Fish,0.05957683175802231,-0.16109268367290497,0.08512069284915924
Bluestreak cleaner wrasse,0.08342678099870682,-0.24029356241226196,0.14769937098026276
Red and Black Anemonefish,0.050565194338560104,-0.23161867260932922,0.1371401846408844
Slippery dick,0.07051210850477219,-0.24868394434452057,0.14157669246196747
Lyretail anthias,0.20487931370735168,-0.1475379765033722,0.07528510689735413
Rabbit Fish,0.1287868171930313,-0.10824249684810638,0.09887690842151642
Flamefish,0.01230428647249937,-0.19491733610630035,0.1484834849834442
Twospot Snapper,0.07023551315069199,-0.23784786462783813,0.15594720840454102
Pilot Fish,-0.009270536713302135,-0.11674827337265015,0.037198543548583984
Yellow Pencil Coral,0.0634918212890625,-0.2548397183418274,0.13121627271175385
Angler fish,-0.011093929409980774,-0.09322194010019302,-0.024450846016407013
Sergeantfish,0.0824451595544815,-0.24946244060993195,0.13327620923519135
Leafy Seadragon,0.057846032083034515,-0.24600516259670258,0.14853955805301666
Tiger fish,0.0020733955316245556,-0.1263210028409958,0.05943205580115318
Texas Cichlid,0.04703693836927414,-0.10870281606912613,-0.040543653070926666
Danube salmon,-0.1454572230577469,-0.17753927409648895,0.2535737454891205
Deepsea Squid,0.04108798876404762,0.08394533395767212,-0.12343506515026093
Willet,-0.019636547192931175,-0.08659753203392029,0.24514873325824738
Basking Shark,-0.03801170364022255,0.027722951024770737,0.19967986643314362
Radiated Tortoise,0.002509851474314928,0.011453055776655674,0.17119678854942322
New England Cottontail,-0.03152714669704437,-0.07229584455490112,0.25177720189094543
Stinkpot,-0.03821743652224541,-0.08365082740783691,0.24912144243717194
American Toad,-0.018981993198394775,-0.07165874540805817,0.24923256039619446
Dog Snapper,-0.14770974218845367,0.15338750183582306,-0.0729488655924797
Dog snapper,-0.1547849327325821,0.16636662185192108,-0.08347242325544357
Dojo loach,-0.16123004257678986,-0.03196734935045242,-0.24491260945796967
Weather loach,-0.14140093326568604,-0.03364187106490135,-0.2235262244939804
Peacock Gudgeon,-0.25080540776252747,-0.04891926795244217,-0.3496086001396179
White Cloud Mountain Minnow ,-0.18957678973674774,-0.036312587559223175,-0.29165053367614746
Pond loach,-0.18266266584396362,-0.041292328387498856,-0.29559463262557983
Yoyo,-0.07900778204202652,-0.00527273491024971,-0.11861007660627365
Sapele,-0.09069801867008209,0.029429098591208458,0.08516988903284073
Hitch,-0.03644370287656784,-0.00419220607727766,-0.002640756545588374
Grey Oak,-0.12886515259742737,0.02101951837539673,0.15862514078617096
Lexa,-0.025425788015127182,-0.016797808930277824,0.027456557378172874
Indian Rosewood,-0.1412588357925415,0.009631088003516197,0.15105417370796204
Goggles,-0.11891379952430725,-0.040413785725831985,0.0673990249633789
Douglas Fir,-0.11651908606290817,0.04409904032945633,0.07801482081413269
Jarrah,-0.04288950935006142,0.09151849150657654,0.031000377610325813
Dung Beetle,0.015066801570355892,-0.005561178084462881,-0.07275226712226868
Moly   ,-0.005178466904908419,0.07386637479066849,-0.05005226656794548
Bezoar,0.05504424124956131,-0.037446413189172745,-0.16640642285346985
Pond Smelt,0.056362397968769073,-0.009032908827066422,-0.1711534559726715
Elephant Grass,0.07232839614152908,-0.03256627544760704,-0.1579049825668335
Naked Mole Rat,0.07495886832475662,-0.01668401248753071,-0.15912018716335297
Malia,0.01136951893568039,0.06068775802850723,-0.08757075667381287
Grey Seal,0.05193835124373436,-0.022814245894551277,-0.1714189499616623
Vaquita,-0.0923992171883583,0.012685065157711506,-0.059568509459495544
Honey Badger,-0.006060206796973944,-0.05386596545577049,0.0011694360291585326
Eclipse Butterflyfish,-0.39090195298194885,-0.5802225470542908,-0.6951140761375427
Black Spotted Puffer,-0.40275707840919495,-0.598660409450531,-0.7164884209632874
Egyptian lotus,-0.11340157687664032,-0.0003926749632228166,-0.26750820875167847
Blue Lotus,-0.07094957679510117,0.0019630759488791227,-0.17172497510910034
Mud skipper,0.019776230677962303,-0.11828404664993286,0.05308445170521736
Slender Snipe Eel,-0.04584489390254021,-0.16028530895709991,-0.021521057933568954
Wolffish,-0.033460188657045364,-0.05975685641169548,0.05408480018377304
Pink Dolphin,-0.012278789654374123,-0.08224496990442276,0.09486610442399979
Firecoral,0.0030921981669962406,-0.15856730937957764,0.0395234078168869
Elkhorn Coral,0.14389947056770325,-0.2362256795167923,0.013614472001791
Hawksbill Turtle,0.27553313970565796,-0.26582008600234985,-0.017143623903393745
Emperor Angelfish,0.2871587574481964,-0.11854026466608047,0.005263578146696091
Brownspotted Grouper,0.34374937415122986,-0.14688503742218018,0.009749159216880798
Koran Angelfish,0.3466179668903351,-0.13947957754135132,0.003141020890325308
Majestic Angelfish,0.37406936287879944,-0.15109466016292572,0.005471284035593271
Foxface Rabbitfish,0.36573514342308044,-0.10278347134590149,0.005141520872712135
French Angelfish,0.3567458987236023,-0.16166366636753082,-0.07163970172405243
Harlequin tuskfish,0.34944066405296326,-0.1168910413980484,0.033309657126665115
Queen Angelfish,0.25143393874168396,-0.06469197571277618,-0.08915705978870392
Chalk Bass,0.37034714221954346,-0.1594257354736328,0.01427740603685379
English Oak,-0.17814430594444275,0.10481145232915878,0.06246255710721016
Eastern White Pine,-0.25079554319381714,0.17496320605278015,0.09541045129299164
Pedunculate Oak,-0.20746102929115295,0.17973998188972473,0.04707583785057068
Tree Bat,-0.25435516238212585,0.16349926590919495,0.10683126002550125
Emperor Penguin,-0.2655860185623169,0.1533176600933075,0.09175780415534973
Cedar of Lebanon,-0.2611694633960724,0.1671161949634552,0.08363278955221176
European Oak,-0.12687943875789642,0.10416989773511887,0.10302604734897614
Acanthus,-0.23354777693748474,0.14774075150489807,0.08695133030414581
Brown Oak,-0.23795174062252045,0.13850867748260498,0.09132230281829834
Estuary Cod,0.04221900552511215,-0.028836987912654877,0.31134700775146484
Golden Trevally,0.050301551818847656,-0.018095988780260086,0.40706998109817505
Mangrove Jack,0.030562227591872215,-0.043480437248945236,0.16912375390529633
European Crayfish,-0.9532008171081543,-0.12992742657661438,-0.07374291121959686
American Mink,-0.964657187461853,-0.1223430261015892,-0.06243828684091568
gooseberry,-0.0473303347826004,0.14094671607017517,0.05246009677648544
European Beech,-0.17523100972175598,0.16474875807762146,0.17355774343013763
European seabass,-0.0746653750538826,0.0828593373298645,0.07407766580581665
Evergreen oak,-0.7782624959945679,-0.3184948265552521,-0.1366792768239975
Cork Oak,-0.7972584366798401,-0.32383158802986145,-0.13178415596485138
Fat Tiger,0.030158372595906258,-0.01824282482266426,-0.02138654701411724
Pigo,0.11295557767152786,-0.04576456546783447,-0.07472316175699234
Joey,-0.010220498777925968,0.026236126199364662,-0.023197703063488007
Tigerwood,0.033298078924417496,-0.08736641705036163,0.027233287692070007
Ferox Trout,-0.17814835906028748,-0.07479307055473328,0.015966694802045822
Green Turtle,-0.09382577985525131,-0.11406269669532776,0.0584823414683342
Bermuda Chub,-0.02147090993821621,-0.26374220848083496,0.06216013431549072
Five Finger,0.009716039523482323,0.016522040590643883,0.026311971247196198
Flamboyant Cuttlefish,0.8093320727348328,-0.0016453389544039965,-0.178774893283844
Dugong,0.8287956118583679,-0.01560006570070982,-0.18857905268669128
Hairy Frog,0.7795100808143616,0.0024068851489573717,-0.17089012265205383
Sea perch,-0.02203652821481228,-0.14546100795269012,0.13379095494747162
Madfish,-0.024078626185655594,-0.15094147622585297,0.12786675989627838
Flowerfish,-0.005900925025343895,-0.07026449590921402,-0.11604764312505722
Forceps Fish,-0.49236005544662476,0.8259903192520142,-0.23140409588813782
Forcepsfish,-0.4782935082912445,0.823937714099884,-0.24179859459400177
Redtail Parrotfish,0.43177109956741333,-0.2075803577899933,-0.08486083149909973
Gray Angelfish,0.3100407123565674,-0.08699677884578705,-0.10457199811935425
Spotted Eagle Ray,0.42641445994377136,-0.20553232729434967,-0.10070565342903137
Glasseye Snapper,0.4352326989173889,-0.1951311081647873,-0.09739617258310318
Rock Beauty,0.44081568717956543,-0.16198047995567322,-0.1397283673286438
Prairie Vole,0.4384864568710327,-0.19437387585639954,-0.08447698503732681
Freshie,0.024118850007653236,-0.00816632341593504,0.03904801234602928
Lehi,-0.011992179788649082,0.044139135628938675,0.026635179296135902
Zucchini,-0.035853732377290726,0.08030053973197937,0.014082872308790684
Saltie,0.07666105031967163,-0.006773289293050766,0.08851546794176102
Nene,0.019736474379897118,0.03295183554291725,-0.015880877152085304
Tamaraw,0.07553219050168991,0.008737112395465374,0.08682311326265335
Golden Eagle,0.023602744564414024,0.024746213108301163,0.09232126176357269
Bar Cod,0.09859205782413483,0.02848092094063759,0.10630650818347931
Cushy,0.09257382154464722,0.0046094320714473724,0.1189732775092125
Black Skate,0.10629004240036011,0.011967150494456291,0.1011967658996582
Razorbacks,0.05340566486120224,-0.12464214116334915,0.06238209083676338
Nutria,-0.01520225964486599,-0.12420381605625153,-0.03214053809642792
Archbishop,0.005417101085186005,-0.01925240084528923,-0.05449342727661133
Gunner,0.013505089096724987,0.00541257718577981,0.007301063742488623
Golf ball,0.028498556464910507,-0.06545862555503845,0.02905425988137722
Sandhill Crane,-0.03729456663131714,-0.14143280684947968,0.11352873593568802
African Wild Dog,0.02954573556780815,-0.1305382400751114,0.05298437550663948
Black Widow,0.07553954422473907,-0.03725992888212204,0.14710785448551178
Anhinga,0.019797593355178833,-0.11792581528425217,0.02166045270860195
Snit,0.022627005353569984,-0.017631951719522476,-0.016950275748968124
Merrit,0.013508117757737637,-0.0662175640463829,0.06705284118652344
Mud Bug,0.040864259004592896,-0.14594781398773193,0.021730896085500717
American Coot,0.014875336550176144,-0.13124588131904602,0.07886631041765213
Mugger,0.004204122815281153,-0.04176509007811546,0.03421947360038757
Inspector,0.03652169927954674,-0.05042553320527077,0.01395808532834053
Macadamia Nut,-0.05393127724528313,0.05573810264468193,0.004829015117138624
Tonka,0.06430118530988693,-0.04739133268594742,0.016658226028084755
Georgia Pigtoe,0.7346042394638062,-0.10391721874475479,0.4740857183933258
Rough Hornsnail,0.7909221649169922,-0.11075922846794128,0.5087777972221375
Giant Ditch Frog,-0.1324353665113449,-0.08906781673431396,-0.30423399806022644
Mountain Chicken,-0.09556614607572556,-0.05335043743252754,-0.21524374186992645
Giant Garter Snake,-0.26850709319114685,-0.8497949838638306,0.20934993028640747
Giant Gartersnake,-0.2663874626159668,-0.8502414226531982,0.2136307954788208
Giant Kokopu,0.09796515852212906,0.39921605587005615,-0.8279421329498291
Banded Kokopu,0.10548438876867294,0.4138546884059906,-0.8578420281410217
Go-home-fish,-0.20787721872329712,-0.0920192152261734,0.020378384739160538
Leopard Shark,-0.032696861773729324,-0.04695551469922066,-0.20868000388145447
Slingshot,-0.04976857453584671,-0.04325363039970398,-0.20898428559303284
Ghost Shark,-0.04098088666796684,-0.050741046667099,-0.13402831554412842
Lost Shark,-0.06174745410680771,-0.05813569948077202,-0.20629280805587769
Sarcastic Fringehead,-0.07468627393245697,-0.09887947887182236,-0.10689035803079605
Ninja Lanternshark,-0.04509149119257927,-0.060424674302339554,-0.20826643705368042
Aye-aye,-0.04692995920777321,-0.0575808547437191,-0.135785773396492
Deepsea Dragonfish,-0.0277804434299469,-0.064109668135643,-0.20615504682064056
Sea Pig,-0.04540824145078659,-0.05338159203529358,-0.17291273176670074
Greenland Shark,-0.041208602488040924,-0.06692799180746078,-0.17091986536979675
Tasselled Wobbegong,-0.05879746004939079,-0.07667555660009384,-0.20233282446861267
Megamouth Shark,-0.045065853744745255,-0.05766909569501877,-0.14993597567081451
Glaucus,-0.04072241485118866,-0.0771729052066803,-0.2035447657108307
Gold Barb,0.09767971187829971,0.03252241387963295,-0.22584930062294006
Pearl Gourami,0.11818021535873413,0.05862187594175339,-0.22775280475616455
Tiger Barb,0.04221184924244881,-0.007141303736716509,-0.1417311578989029
Golden-red Snapper,-0.19842012226581573,0.11068230867385864,0.07483238726854324
Golden Bream,-0.21593336760997772,-0.027633724734187126,0.0005224639317020774
Golden mussel,-0.051723919808864594,-0.29197096824645996,-0.13922680914402008
Zebra Mussel,-0.06349489837884903,-0.1999669373035431,-0.09629872441291809
Pepperidge,-0.015637937933206558,-0.04105481877923012,-0.07343024760484695
Salom,0.03343302756547928,0.03131890296936035,-0.06959393620491028
House Mouse,-0.023936502635478973,-0.09457740187644958,-0.14482538402080536
Porky,0.014668267220258713,0.0005685367505066097,0.006041116081178188
Blue Whale,-0.03540027141571045,-0.08912228792905807,-0.010088249109685421
Kingy,-0.013137752190232277,-0.04702421650290489,-0.08368752896785736
Red Cherry,-0.009720254689455032,-0.08209778368473053,-0.1512749046087265
Rosy Barb,0.07427415251731873,0.020653607323765755,-0.14570139348506927
Silver Moony,0.021168317645788193,-0.0746319442987442,-0.14376674592494965
Walo,0.009764783084392548,-0.10140275955200195,-0.13297487795352936
Pinkfish,0.0007183928973972797,-0.0034517233725637197,-0.05821923911571503
Hen Harrier,-0.0009038000134751201,-0.09293840825557709,-0.1437225192785263
Ounce,0.015544567257165909,-0.08769849687814713,-0.14042556285858154
Gold Line,-0.00032290813396684825,-0.010694548487663269,0.04234398901462555
Goldspotted Eel,0.28592824935913086,-0.375656396150589,0.02017219364643097
Goldspotted Snake Eel,0.2823837697505951,-0.4505454897880554,0.05683950334787369
Schoolmaster Snapper,0.18345490097999573,-0.02841627411544323,-0.0941406786441803
Great Crested Newt,0.21349161863327026,-0.22598981857299805,0.030228637158870697
Palmate Newt,0.23742994666099548,-0.24724973738193512,0.02994363196194172
Smooth Newt,0.22844651341438293,-0.23894307017326355,0.029983388260006905
Little Egret,0.2837739884853363,-0.28679096698760986,0.035235267132520676
Peregrine Falcon,0.2585374712944031,-0.2718046307563782,0.0384419709444046
Natterjack Toad,0.27511507272720337,-0.29577308893203735,0.03437865525484085
Italian Crested Newt,0.26078352332115173,-0.26971060037612915,0.028462408110499382
Greater Plantain,0.20004239678382874,0.6893693208694458,-0.5600371360778809
Great Willowherb,0.34809190034866333,0.7158968448638916,-0.6432978510856628
Great Willow Herb,0.3530343770980835,0.7194931507110596,-0.6467031836509705
Fireweed,0.3303127884864807,0.705752432346344,-0.6333922147750854
Greek Tortoise,0.04389273002743721,0.11707676202058792,0.14387428760528564
Green Water Dragon,0.05730324238538742,0.1981164664030075,0.20695048570632935
Green and Golden Bell Frog,0.4036181569099426,0.017885690554976463,0.8497343063354492
Green and Golden Swamp Frog,0.4166254997253418,0.01937735825777054,0.8751907348632812
Green Bush Rat Snake,-0.5295276045799255,0.6052595973014832,-0.5706570744514465
Green Trinket Snake,-0.5415847301483154,0.6101306080818176,-0.5584498047828674
Red Firefish,0.5131525993347168,-0.11475267261266708,-0.051004648208618164
Conner,-0.2922070622444153,0.0466187559068203,-0.04423011466860771
Semipalmated Plover,-0.25846388936042786,0.03827013447880745,-0.035966645926237106
Curry Fish,-0.22739236056804657,0.03256266564130783,-0.027641605585813522
King Crab,-0.09485812485218048,0.02754409983754158,0.030814511701464653
Green Dolphin,0.008758674375712872,-0.029318341985344887,0.11417907476425171
Red Dog,0.025566117838025093,-0.0625041052699089,0.1564948856830597
Torrey Pine,-0.012158595025539398,0.058943528681993484,0.1169847920536995
Josea,0.10144863277673721,0.06093081831932068,0.01849316619336605
Sampa,0.10537540167570114,0.05598970875144005,0.005421923473477364
Hamadryad,0.03173943608999252,-0.14174912869930267,0.10098718851804733
Hampala Barb,-0.19114559888839722,-0.09053406119346619,-0.021490130573511124
Hardhead Catfish,-0.11621998995542526,0.15499258041381836,0.010453921742737293
Hauhau,0.03335851803421974,0.06149192154407501,0.10301746428012848
Raccoon Dog,0.05678557977080345,0.11223439127206802,0.1958993822336197
Herning,-0.06734148412942886,0.02336251549422741,-0.004378430545330048
Sky Lark,-0.16861951351165771,0.05240854620933533,-0.040018100291490555
Herron,-0.03047703579068184,-0.05875420570373535,-0.02596595697104931
Murry,-0.02736818790435791,-0.039219629019498825,0.010911421850323677
Snowy Egret,-0.03977816179394722,-0.14752645790576935,-0.08481539785861969
Great Tit,-0.05363522469997406,-0.14451029896736145,-0.08619212359189987
Kasturi,0.15284527838230133,-0.02631549909710884,-0.0953824520111084
Hooker's Sea Lion,0.24464799463748932,0.009144513867795467,-0.8827406167984009
New Zealand Sealion,0.23872257769107819,0.01831403747200966,-0.8684022426605225
Horse Head,-0.005715218838304281,0.007369575090706348,-0.0017952050548046827
Letter Opener,0.08365793526172638,0.055261190980672836,-0.024343904107809067
Red Panda,0.05106739327311516,-0.06148665025830269,0.03424426540732384
Horsfield's Tortoise,0.4468911588191986,-0.16200219094753265,-0.8286680579185486
Central Asian Tortoise,0.4301121234893799,-0.1557093858718872,-0.8293442726135254
Humboldt Squid,-0.0686468854546547,-0.013939144089818,0.16390563547611237
Jumbos,-0.08823245763778687,0.015469400212168694,0.08468632400035858
Jumbo Flying Squid,-0.06007295101881027,-0.025174709036946297,0.19192500412464142
Indian Flapshell Turtle,0.15991581976413727,-0.19686774909496307,0.25020837783813477
Indian Softshell Turtle,0.1095171570777893,-0.1512361466884613,0.18034730851650238
Indian Roofed Turtle,-0.7886526584625244,-0.610625684261322,-0.006487635895609856
Indian Tent Turtle,-0.7625724077224731,-0.5967861413955688,-0.00045726055395789444
Brown Roofed Turtle,-0.7639748454093933,-0.6144127249717712,0.012438798323273659
Joe Louis,0.02355894260108471,-0.05333785340189934,-0.10172899812459946
Red Tailed Shark,0.06185057759284973,-0.02632947824895382,-0.18767045438289642
Kissing Gourami,0.06447204202413559,-0.08243580162525177,-0.18485687673091888
Snuffbox,0.06232441961765289,-0.09489460289478302,-0.18015579879283905
Nehu,0.049543023109436035,-0.08409170806407928,-0.19103606045246124
Bala Shark,0.07113917171955109,-0.029224412515759468,-0.1822587102651596
Jade Hunter,0.20051810145378113,-0.09657035768032074,0.10461757332086563
Jamaican Monkey,0.060228366404771805,0.08853334188461304,0.09406361728906631
Japanese Seabream,-0.28065943717956543,0.1254248470067978,0.17869681119918823
Madai,-0.17586864531040192,0.09585192799568176,0.0949997752904892
Japanese Sea Bream,-0.3221833109855652,0.1353706419467926,0.21208862960338593
Joefish,-0.0546778105199337,0.05528048425912857,0.03890915587544441
Roughtail Skate,-0.02500399760901928,0.1475065052509308,0.0899873673915863
Doubleheader,-0.09593541920185089,0.10121109336614609,0.051737021654844284
Johnston's Crocodile,0.08766414225101471,-0.012453285977244377,0.07351036369800568
Jumping Bean,-0.06368505954742432,0.039286527782678604,-0.027579063549637794
Saola,-0.2725188136100769,-0.1326524317264557,-0.1398932784795761
Kete,0.04404858499765396,0.11906986683607101,-0.06207040324807167
Redbay,0.09327035397291183,0.20175302028656006,-0.10745539516210556
King Angelfish,-0.31420013308525085,0.9634969234466553,0.021881310269236565
Scissortail damselfish,-0.3065645396709442,0.9384703636169434,0.022877296432852745
Common Raven,0.04785574600100517,-0.18046145141124725,0.09402085095643997
Malabar Pit Viper,0.03859250620007515,-0.25998976826667786,0.0447220616042614
Coastal Taipan,0.026768973097205162,-0.1520073115825653,0.0870465636253357
Banded Krait,0.02940797619521618,-0.18215253949165344,0.10326547920703888
Gray Wolf,0.04343518987298012,-0.16280075907707214,0.1240072250366211
Asian Elephant,0.017749924212694168,-0.14713169634342194,0.09932868927717209
Estuarine Crocodile,0.027764301747083664,-0.17212018370628357,0.11994551122188568
Morar,-0.06016739830374718,-0.10250566154718399,0.05396131053566933
Sidewinder,0.03963392600417137,-0.14540328085422516,0.08834825456142426
Pretty polly,0.05427040904760361,-0.1687452495098114,0.10943544656038284
Kitefin Shark,-0.831457793712616,0.48882851004600525,0.29563698172569275
Southern Lanternshark,-0.812991201877594,0.4820736348628998,0.28745055198669434
Knotgrass,0.18883581459522247,0.6892119646072388,-0.5550374984741211
Knout Goby,-0.9482246041297913,0.17094039916992188,0.29878535866737366
Toad Goby,-0.9313949346542358,0.1767263263463974,0.2927696704864502
Komodo Monitor,-0.12218691408634186,-0.29490581154823303,0.03731703385710716
Komodo Dragon,-0.09287383407354355,-0.24155379831790924,0.03361416980624199
Konye,-0.6664825081825256,-0.09649258106946945,-0.5485386848449707
Cony,-0.6727103590965271,-0.1059323251247406,-0.5405563116073608
Lemon butterfly,0.3210681676864624,-0.16912347078323364,-0.15903227031230927
Saddle wrasse,0.3534310758113861,-0.17797650396823883,-0.17084987461566925
Black Durgeon,0.3730255365371704,-0.18888986110687256,-0.18031994998455048
Lemonpeel Angelfish,0.007606953848153353,0.2398778647184372,-0.04336516559123993
Lemon Peel,-0.01200165506452322,0.13593661785125732,-0.02120032161474228
Allspice,-0.0030620077159255743,0.16687607765197754,-0.008848418481647968
Wild Cherry,-0.05384644865989685,0.1551799774169922,-0.002928502159193158
Spearmint,0.0015102990437299013,0.18699617683887482,-0.03548180311918259
Grains of Paradise,-0.007469851523637772,0.18892601132392883,-0.03247259557247162
Cayenne Pepper,0.003251858754083514,0.17415907979011536,0.004279708489775658
Edelweiss,-0.030509768053889275,0.1740676611661911,-0.07615039497613907
Lemon tetra,-0.3228895664215088,-0.06470039486885071,-0.4311709403991699
Golden Mystery Snail,-0.34009507298469543,-0.0686272382736206,-0.4500732123851776
Eastern Box Turtle,0.02395090088248253,-0.02829919010400772,0.16758351027965546
Egyptian Vulture,0.06398674845695496,0.10183234512805939,0.1564382165670395
Lesser Spotted Dogfish,-0.0007573714246973395,0.014969633892178535,0.15277926623821259
Limestone Salamander,0.47793230414390564,0.03551068902015686,-0.7910420298576355
California Newt,0.5093171000480652,0.039379868656396866,-0.8415247797966003
Lined Surgeonfish,-0.6510998010635376,0.688101053237915,0.32116690278053284
Royal Angelfish,-0.6389376521110535,0.6796724796295166,0.33095628023147583
Little snook,0.2676463723182678,-0.7702533006668091,0.3178275525569916
Little Snook,0.2739976942539215,-0.7889516949653625,0.32539308071136475
Little Squid,-0.01667533442378044,-0.09051499515771866,0.11562570184469223
Little Unicorn,-0.07168807089328766,-0.09957287460565567,0.09385810047388077
Lollyfish,-0.14994515478610992,-0.0319213941693306,-0.06940902024507523
Red Tailed Butterfly,0.4643562436103821,-0.31593772768974304,-0.5716269016265869
Pennant Coral Fish,0.4238972067832947,-0.2754041254520416,-0.6087743639945984
Longfin Mako,-0.015353850089013577,0.004465573932975531,0.09086434543132782
Longfin Tuna,-0.138774111866951,0.14784930646419525,0.07218018919229507
Longnose Butterfly Fish,0.2129155546426773,-0.17330960929393768,-0.11927707493305206
Whitetip Reef Shark,0.17542560398578644,-0.16301578283309937,-0.10320643335580826
Blueline Snapper,0.27358171343803406,-0.2309335172176361,-0.16061246395111084
Trumpet fish ,0.26487240195274353,-0.21429237723350525,-0.14253583550453186
Yellowstripe goatfish,0.25382062792778015,-0.21284551918506622,-0.14853645861148834
Black Triggerfish,0.28792649507522583,-0.17498573660850525,-0.144272118806839
Long Snouted Lancetfish,-0.6680827140808105,-0.3201283812522888,0.506654679775238
Longsnouted Lancetfish,-0.6807230114936829,-0.31574520468711853,0.5033090710639954
Mandi,-0.25436434149742126,0.1495390683412552,0.19310720264911652
Japanese Snapper,-0.24982263147830963,0.1366901397705078,0.15511751174926758
Matai,-0.012025906704366207,0.06631392240524292,-0.04269303381443024
Bearcat,-0.14074088633060455,0.16003015637397766,-0.026430241763591766
Grayfish,-0.15283764898777008,0.09160462021827698,-0.0044665406458079815
Yelloweye Snapper,-0.19181789457798004,0.09615526348352432,-0.010787621140480042
Mingo Snapper,-0.15002578496932983,0.1410825550556183,-0.0031052010599523783
Blue mah,-0.15773902833461761,0.08397341519594193,0.015607419423758984
Banded Rudderfish,-0.14764642715454102,0.10110655426979065,0.006234295200556517
Butter fish,-0.11963829398155212,0.1031101644039154,0.14110831916332245
Pacific Mackerel,-0.16977345943450928,0.13372401893138885,0.0017802593065425754
Hot Pepper,-0.029219260439276695,0.10670065134763718,0.007419653702527285
Yellowtail Amberjack,-0.15794582664966583,0.13688501715660095,-0.019493237137794495
Butternut,-0.13087908923625946,0.07533901184797287,0.05061563104391098
Leerfish,-0.172633096575737,0.1262810230255127,-0.014439557678997517
Red Drum,-0.12391181290149689,0.05767282098531723,0.017711006104946136
Striped Bonito,-0.19184677302837372,0.08878844231367111,0.034555595368146896
Speckled Seatrout,-0.1628950834274292,0.13878513872623444,0.01693003997206688
Quim,-0.18904000520706177,0.10573800653219223,0.008358307182788849
Sand Dab,-0.17905156314373016,0.11199067533016205,-0.023511942476034164
Yellow Perch,-0.17791636288166046,0.032042715698480606,-0.009302112273871899
Bar Jack,-0.17988482117652893,0.11843359470367432,0.02841203100979328
Old wife,-0.18446749448776245,0.11153851449489594,-0.006580488756299019
Old Glory,-0.14562629163265228,0.09948649257421494,0.06758193671703339
Red Hind,-0.18984657526016235,0.10068516433238983,0.024058330804109573
Capitan,-0.15186206996440887,0.04556073620915413,0.010563802905380726
Blueline Tilefish,-0.19685080647468567,0.08755102753639221,0.011175503022968769
Sand bass,-0.13353092968463898,-0.007364414166659117,-0.021051501855254173
Finback,-0.18045003712177277,0.1223156675696373,0.011186901479959488
Skippy,-0.14381347596645355,0.10194382071495056,0.03821850195527077
Silk Snapper,-0.15141133964061737,0.037887126207351685,0.03386298939585686
Cluck,-0.08712262660264969,-0.1006295308470726,0.107207752764225
Green Pepper,-0.05257872864603996,0.1372830867767334,0.008131231181323528
Nilgiri Tahr,0.05893155187368393,-0.35593381524086,0.032210204750299454
Malabar Giant Squirrel,0.05094744637608528,-0.3579794764518738,0.04008588567376137
Mulloway,0.04782820865511894,-0.060575567185878754,0.2724051773548126
Shovelnose Shark,0.06051799654960632,-0.0621330551803112,0.2684929370880127
Yellow Fin Bream,0.057531554251909256,-0.04680068790912628,0.27107739448547363
Murray Cod,0.01948484778404236,-0.025302963331341743,0.2688896656036377
Mangrove Red Snapper,0.03545212000608444,-0.058197714388370514,0.2741328179836273
Golden snapper,0.041014414280653,-0.04380234703421593,0.27465125918388367
Scribbled Snapper,0.0417867936193943,-0.049881644546985626,0.2281302511692047
Maroon Clownfish,0.3142080008983612,-0.06547319889068604,0.05625640228390694
Saltwater Gar,0.40244558453559875,-0.07236728072166443,0.08141005784273148
Marsh Crocodile,0.03725719079375267,-0.08181995153427124,0.08002440631389618
Masked Angelfish,0.4539050757884979,0.7231845259666443,0.21348221600055695
Masked Angel Fish,0.44785067439079285,0.7127036452293396,0.21109500527381897
Masked Butter Flyfish,0.6211925745010376,-0.08963598310947418,0.6234658360481262
Masked Butterflyfish,0.6335071325302124,-0.09953401982784271,0.6367300748825073
Water Chestnut,-0.06405597925186157,0.12512792646884918,-0.030371608212590218
Merrin,0.019968193024396896,0.14921563863754272,-0.10853607207536697
Mattie,-0.01727856509387493,0.010404719971120358,0.018703443929553032
Fissi,-0.048093006014823914,0.017595523968338966,0.11663255095481873
Mayan Cichlid,-0.1876802146434784,-0.08614829927682877,-0.05429912358522415
Warmouth,-0.27804115414619446,-0.1318041980266571,-0.08373535424470901
Striped Catfish,-0.210027277469635,-0.1343102604150772,-0.05858045816421509
Mekong Giant Catfish,-0.16858699917793274,-0.11739534139633179,-0.04797518253326416
Melker,0.05233704298734665,0.06519103795289993,0.06586405634880066
Likh,-0.02073141373693943,0.06527770310640335,-0.06107049062848091
Angelin,-0.007431769277900457,0.11585935950279236,-0.13513262569904327
Miss Lucy,0.008028384298086166,0.04994675889611244,-0.008703076280653477
Monkey Goby,-0.08627549558877945,-0.2477535754442215,-0.09066691994667053
Round Goby,-0.08182887732982635,-0.14634157717227936,-0.06284020841121674
Montagu's Blenny,0.13109718263149261,0.0423770509660244,0.10317488759756088
Shanny,0.05569222941994667,0.01688843034207821,-0.02090045064687729
Morelet's Crocodile,-0.07920490950345993,-0.20798775553703308,0.05231460556387901
Belize Crocodile,-0.12161272019147873,-0.2962014675140381,0.0808180645108223
Tortuga Island Rattlesnake,-0.1128898337483406,-0.3016870617866516,0.07476300001144409
Alpine Newt,-0.13494841754436493,-0.07827354967594147,-0.306698203086853
Mud Snail,-0.011845541186630726,-0.1036972776055336,-0.13686758279800415
Saltwater Crocodile,-0.008543883450329304,-0.10909289121627808,0.0661425068974495
New Zealand Sea Lion,0.23649175465106964,0.02696280926465988,-0.8673543930053711
Night Sergeant,-0.9641903042793274,0.1119525134563446,0.17549774050712585
Night sergeant,-0.9999999403953552,0.11569112539291382,0.18189097940921783
African Penguin,-0.03129386156797409,-0.21452566981315613,0.04582103341817856
Cuban Crocodile,-0.014500277116894722,-0.17461583018302917,0.047233086079359055
Pygmy Hippopotamus,-0.010799428448081017,-0.21590518951416016,0.02141520194709301
Goliath Heron,-0.03146810829639435,-0.21517805755138397,0.010111624374985695
African Openbill,-0.016867496073246002,-0.21504631638526917,0.03886816278100014
African Buffalo,-0.04809948429465294,-0.21302182972431183,0.017686912789940834
Saddlebill,-0.05487649887800217,-0.21083573997020721,0.034162938594818115
Waterbuck,-0.03900323435664177,-0.21613512933254242,0.030468646436929703
Gerenuk,-0.024829741567373276,-0.21579231321811676,0.021941453218460083
Shoebill,-0.04744058474898338,-0.14001691341400146,0.07556465268135071
Springbok,-0.04586032032966614,-0.21001823246479034,0.050846293568611145
Nohorn Unicorn,0.07272953540086746,0.0919124037027359,0.07684643566608429
Northern Crested Newt,-0.34283238649368286,-0.8538708090782166,0.2428099811077118
Caddo Madtom,-0.35759857296943665,-0.8883005380630493,0.25291386246681213
Northern Puffer,-0.19375936686992645,-0.10459738969802856,0.08548315614461899
Oyster Toadfish,-0.27062106132507324,-0.15010754764080048,0.13693182170391083
Norway Lemming,-0.9285884499549866,-0.0013156055938452482,-0.3065352737903595
Mountain Hare,-0.8754181861877441,-0.0011589640052989125,-0.2881198823451996
Nosefish,0.05727297067642212,-0.17784328758716583,-0.12953312695026398
Unicorn Fish,0.12586858868598938,-0.2989637851715088,-0.17858392000198364
Ocean Surgeonfish,0.31761598587036133,0.04148450866341591,0.030287066474556923
Yellow Fin Mojarra,0.22501547634601593,0.08693833649158478,0.010192829184234142
Atlantic Bluet,0.33744463324546814,-0.04708322137594223,0.042416010051965714
Ocean Whitefish ,-0.30495452880859375,0.8080516457557678,-0.19302405416965485
Ocean whitefish,-0.3016384243965149,0.7993336915969849,-0.19069068133831024
Okinawa Goby,0.3169938921928406,0.06936752051115036,0.13732342422008514
Yellow Goby,0.2826288044452667,0.05410514771938324,0.11712562292814255
Olive Ridley,-0.08389068394899368,-0.1409073919057846,0.058335356414318085
Fishing Cat,-0.16059617698192596,-0.21465060114860535,0.08042487502098083
Zebra Shark,-0.13630685210227966,-0.19301959872245789,0.0776304304599762
Painted Stork,-0.15398770570755005,-0.21692785620689392,0.09028562903404236
Orangeband Surgeonfish,0.5046362280845642,0.17271356284618378,0.1073380783200264
Orange Clownfish,-0.06963477283716202,-0.7681716084480286,0.4787977337837219
Red Clown,-0.06348058581352234,-0.708570122718811,0.4404195249080658
Orange dog,0.04414838179945946,-0.0953369066119194,0.25438442826271057
Orangespine Unicornfish,0.34094154834747314,-0.1567976176738739,-0.1641802340745926
Red Soldierfish,0.3967524766921997,-0.16641105711460114,-0.1808926910161972
Pacific Sleeper Shark,-0.12559635937213898,-0.1299985945224762,0.10312895476818085
Pacific sleeper,-0.14099597930908203,-0.15580926835536957,0.11974748969078064
Pakistani Butterflyfish,0.473758339881897,-0.3287227153778076,-0.5613294243812561
Pa lai,-0.040285371243953705,0.06666380912065506,-0.1400642991065979
Manora,-0.04301253333687782,0.08348307013511658,-0.1779032200574875
Pancake Tortoise,-0.09941154718399048,0.31078845262527466,-0.2461918443441391
Siamang,-0.12180569767951965,0.38180434703826904,-0.29600247740745544
Bonobo,-0.06787730008363724,0.20848985016345978,-0.17101062834262848
Paradise fish ,0.11935347318649292,0.052864231169223785,-0.18402506411075592
Paradise Flying Snake,0.20371150970458984,0.0559505894780159,-0.7140384316444397
Paradise Tree Snake,0.19394253194332123,0.06425955891609192,-0.7318592071533203
Pariette Cactus,-0.13586176931858063,0.031452476978302,-0.15191924571990967
Pearl Essence,-0.1714993119239807,0.6502557396888733,0.741328239440918
Bearberry,-0.16535352170467377,0.6355438232421875,0.724083423614502
Sessile Oak,-0.21600781381130219,0.2724255323410034,0.004159265663474798
Philippine Crocodile,-0.03702358901500702,-0.1980234831571579,0.12397956848144531
Pickerel Weed,-0.028044993057847023,-0.20746374130249023,-0.05569811537861824
Pickled Herring,-0.014486855827271938,0.08076995611190796,-0.015682676807045937
Sild,0.034387484192848206,0.07811758667230606,-0.02674572728574276
Red Herring,-0.03205566853284836,0.07580350339412689,-0.07104650884866714
Wild Onion,0.018276134505867958,0.1583060324192047,-0.019596174359321594
Chili Pepper,0.0004035355232190341,0.14366485178470612,0.01072772778570652
Sweet Chestnut,0.02644311636686325,0.2099168747663498,0.008630518801510334
Pimiento,0.013124111108481884,0.21363012492656708,0.0024401843547821045
Manul,0.029023749753832817,0.20621706545352936,0.02460293471813202
Black Pea,-0.0599103607237339,0.15133194625377655,0.026786310598254204
Privet ,0.01305773202329874,0.21084733307361603,0.028972715139389038
Grandmaw,0.004093484487384558,0.21503716707229614,0.016637222841382027
Pink Anemonefish,0.004600205458700657,-0.3630432188510895,0.23327729105949402
Cherry Barb,0.036156345158815384,0.010664357803761959,-0.15700197219848633
Pristella,0.027276312932372093,0.023960106074810028,-0.15875382721424103
Cane Cutter,0.041310422122478485,0.02816689945757389,-0.15109027922153473
Plumhead,-0.1485438197851181,0.07793566584587097,-0.05000513792037964
Pollan,-0.009491185657680035,0.06728491932153702,-0.104451984167099
Porbeagle,-0.06501718610525131,0.05127609521150589,0.1548195630311966
Salmon Shark,-0.08569612354040146,0.09831655770540237,0.2464609295129776
Smooth Hammerhead,-0.07180696725845337,0.1013389527797699,0.24722595512866974
Red Cod,-0.07873988896608353,0.08861052244901657,0.2519178092479706
Pot Cover,-0.021169953048229218,0.12723049521446228,-0.09088070690631866
Powan,0.05471774563193321,0.13604046404361725,-0.200107142329216
Arctic Charr,0.08427269011735916,0.18686413764953613,-0.27863311767578125
Powder Blue Surgeonfish,0.47213736176490784,0.03509220853447914,-0.01935039646923542
Powderblue Surgeonfish,0.4520050883293152,0.012599575333297253,-0.020228838548064232
Yellow Watchman Goby,0.46538153290748596,-0.06910247355699539,-0.03505619987845421
Prickly Redfish,-0.13546283543109894,-0.04636789858341217,-0.08430054783821106
Protestant,-0.01184210367500782,0.010749011300504208,-0.05148812383413315
Papala,0.0026838001795113087,0.019443558529019356,-0.15818049013614655
Gaur,-0.006215682718902826,0.0349227637052536,-0.15800046920776367
Kagu,-0.016752712428569794,0.011455985717475414,-0.16073323786258698
Purple Lilliput,0.35763850808143616,0.4885663390159607,0.7345423102378845
Brook Floater,0.35502371191978455,0.4992017149925232,0.749721109867096
Christmas wrasse,0.40211763978004456,-0.10894183814525604,0.056121230125427246
Midnight Parrotfish,0.298518568277359,-0.05284980311989784,-0.170514315366745
Queen Triggerfish,0.3041483759880066,-0.043040502816438675,-0.16493991017341614
Honeycomb Cowfish,0.2928544580936432,-0.06329414248466492,-0.11952321231365204
Spanish Hogfish,0.2990989089012146,-0.060168784111738205,-0.1333409696817398
Queen Mullet,-0.1710798144340515,-0.5365746021270752,-0.5447314977645874
Goat fish,-0.17754657566547394,-0.5605466365814209,-0.566360354423523
Dwarf Rainbowfish,0.10643693059682846,0.06607915461063385,-0.24874962866306305
Red Fin Shark,0.07879472523927689,0.020669369027018547,-0.21097645163536072
Red Zebra,0.10450822860002518,0.055210474878549576,-0.2547159790992737
Red-eyed Treefrog,0.6420770287513733,-0.08211890608072281,0.7512525320053101
Red-eyed Tree Frog,0.6327491402626038,-0.08574580401182175,0.7469775080680847
Red Big Eye,-0.24384325742721558,0.11416877061128616,0.05882462114095688
Red Bigeye,-0.33575648069381714,0.15014658868312836,0.07725630700588226
Strawman,-0.032906629145145416,0.08309528231620789,-0.08078646659851074
Sleepy Joe,-0.03138047829270363,0.15273460745811462,-0.15344317257404327
Horse Chestnut,-0.04244372993707657,0.14646995067596436,-0.15802735090255737
Redbait,-0.035535071045160294,0.11629491299390793,-0.12155672162771225
Red Octopus,-0.03479700908064842,0.18539845943450928,-0.10194671899080276
Grey Whale,-0.03699541091918945,0.2535485029220581,-0.13281024992465973
Red Pandora,0.056400638073682785,0.08053184300661087,-0.11474724113941193
Red Roman,-0.0669540986418724,-0.19579482078552246,0.15487141907215118
Dusky Kob,-0.04385161027312279,-0.28959789872169495,0.19821633398532867
Red Saddleback Anemonefish,-0.3233950138092041,0.8235780596733093,-0.0029360647313296795
Saddle Anemonefish,-0.3177780210971832,0.8413574695587158,-0.003552149049937725
Silver Salmon,-0.06962792575359344,0.10880161076784134,0.05478809028863907
Grizzly Bear,-0.06536587327718735,0.14413848519325256,0.06973247230052948
Rees' Squid,0.007121256552636623,0.025985855609178543,0.05771951004862785
Rhino Rat Snake,0.250389039516449,0.022022180259227753,0.8713700771331787
Texas Horned Lizard,0.2678901255130768,0.023600531741976738,0.9380075931549072
Riverbream,-0.053003475069999695,0.07061463594436646,-0.1470433622598648
Roanoke Bass,-0.18781256675720215,-0.07727566361427307,-0.06725845485925674
Fairy basslet,0.4816819727420807,-0.13996395468711853,-0.1965579390525818
Rosemary's Cone,-0.1399717479944229,0.025338344275951385,0.15179060399532318
Roughtail Stingray,-0.2850162386894226,-0.004288944881409407,0.12586626410484314
Northern Madtom,-0.09081590175628662,-0.24007877707481384,-0.10900019109249115
Fresh Water Goby,-0.07735701650381088,-0.2436375617980957,-0.10220994055271149
Sea Lamprey,-0.09923367202281952,-0.24420912563800812,-0.09711810946464539
Royal Basslet,0.3018231689929962,0.024376297369599342,0.09601303935050964
Canary wrasse,0.29421165585517883,0.04961468279361725,0.09997820854187012
Saddle Back Clown,0.2940014898777008,0.040242716670036316,0.11121726036071777
Midas Blenny,0.2976025342941284,0.02054671384394169,0.10990168154239655
Royal Snake,0.07936226576566696,-0.04121190682053566,0.07238612323999405
Rusty Crayfish,-0.0504765659570694,-0.1591072976589203,-0.09822804480791092
Spinycheek Crayfish,-0.05150751397013664,-0.2445915788412094,-0.15682744979858398
Rémora,-0.03711606189608574,-0.05790521577000618,0.0030300437938421965
Shark Sucker,-0.046111688017845154,-0.07541952282190323,0.007232991047203541
Spiny Boxfish,-0.10794202983379364,-0.12682253122329712,0.046065203845500946
Spotted Porcupinefish,-0.10326419770717621,-0.14154818654060364,0.012870950624346733
Moon wrasse,-0.08966579288244247,-0.14959219098091125,0.015385843813419342
Tagua,-0.10652146488428116,-0.13591822981834412,0.027839986607432365
Washboard,-0.09777285158634186,-0.13802725076675415,0.041620735079050064
Sacramento Sucker,0.027871830388903618,-0.11276976764202118,-0.3764036297798157
Sacramento Perch,0.06109878793358803,-0.1297619789838791,-0.4566269814968109
Tule Perch,0.052539508789777756,-0.12243674695491791,-0.4606980085372925
Prickly Sculpin,0.04987902566790581,-0.12099052220582962,-0.43349966406822205
Saddleback Clownfish,0.2941538095474243,0.03212722763419151,0.1152883917093277
Saddled Seabream,-0.26927199959754944,0.20140902698040009,-0.059529852122068405
Sand Crawler,-0.36426565051078796,0.01522425003349781,0.4657610356807709
Rainbow Perch,-0.40476223826408386,0.022041868418455124,0.5324883460998535
Seacow,-0.30930113792419434,0.0032046898268163204,0.36919501423835754
Sandfish Skink,-0.5293169617652893,-0.12148649245500565,-0.06117502227425575
Sand fish,-0.48088338971138,-0.10958711057901382,-0.05514027178287506
Sand Fish,-0.4758879244327545,-0.10837127268314362,-0.054523929953575134
Rainbow Lizard,-0.5642032027244568,-0.13013052940368652,-0.0655680000782013
Sand goby,-0.06724260747432709,0.23906219005584717,0.11850437521934509
Scarce Large Blue,-0.2988048791885376,0.9629418849945068,0.17924976348876953
Great Burnet,-0.2990780174732208,0.9745113253593445,0.19266563653945923
Schelly,-0.3054039776325226,0.18603797256946564,0.26156696677207947
Sheepshead Porgy,0.21885742247104645,0.003106825053691864,-0.18624350428581238
Scissor Tailed Fusilier,0.3089922368526459,-0.24881939589977264,-0.1623995453119278
Scup,-0.07323119789361954,0.010523010976612568,0.012437164783477783
Summer Flounder,-0.10713952034711838,0.005014760885387659,0.022062791511416435
Sea-bean,-0.066619873046875,0.11548364162445068,0.02785983495414257
Sea Herring,-0.14582809805870056,0.14143989980220795,0.1985349804162979
Seal Shark,0.05100083351135254,0.09275873005390167,-0.11001531779766083
Tompot Blenny,0.14808250963687897,0.05044553056359291,-0.052934903651475906
Sharknose Goby,0.013827917166054249,-0.8413320183753967,0.22643031179904938
Shark nose goby,0.014919057488441467,-0.8916950821876526,0.23988431692123413
She Crab,-0.1707352101802826,0.06050370633602142,0.08082771301269531
Shortjaw Kokopu,0.11411865055561066,0.39661669731140137,-0.8271710872650146
Siamese Crocodile,0.004738981835544109,-0.1606948971748352,0.06325004249811172
Sichel,0.26218709349632263,0.19920916855335236,-0.00922263041138649
Ziege,0.1943761110305786,0.1857016384601593,-0.006945035886019468
Silver perch,0.014747539535164833,-0.017056968063116074,0.32111796736717224
Golden Perch,0.012158216908574104,-0.008879943750798702,0.4157160520553589
Silver Sea Bream,-0.13237737119197845,0.01852981373667717,0.18212273716926575
Sleek Unicornfish,0.15285490453243256,-0.3739727735519409,-0.21651676297187805
Harbour Seal,0.025556832551956177,-0.04059469699859619,0.15889109671115875
Panther Chameleon,0.08953351527452469,0.010424190200865269,0.06987398117780685
Snow Sheep,0.31606733798980713,0.3282979726791382,0.15661893784999847
Copperhead Snake,-0.07526234537363052,0.1672794073820114,0.06557095795869827
Pumpkinseed,-0.06995019316673279,0.12594790756702423,0.06635471433401108
Arctic Wolf,-0.07572886347770691,0.15224744379520416,0.09176047146320343
Matsutake,-0.06984035670757294,0.16155430674552917,0.07965562492609024
Chicharro,-0.09580844640731812,0.12166564911603928,0.06227503716945648
Southern Bluefin Tuna,-0.1258232146501541,0.14311611652374268,0.08764355629682541
Spectaclecase,-0.1580212116241455,-0.02028990536928177,0.06888975203037262
Rayed Bean,-0.24628429114818573,-0.03793833777308464,0.12706206738948822
Spiny Flower Coral,-0.1755591183900833,-0.17548544704914093,0.09579447656869888
Spiny Riversnail,-0.7278606295585632,0.565597653388977,-0.2004702389240265
Spiny River Snail,-0.7368566989898682,0.5546635389328003,-0.21122846007347107
Spotted Butter Fish,0.11019347608089447,0.347748339176178,-0.779853343963623
Spotted Butterfish,0.10650518536567688,0.3362279534339905,-0.7938089370727539
Spotted Knifefish,-0.3879593312740326,0.8221077919006348,-0.335827499628067
Spotted knifefish,-0.38101693987846375,0.8141531944274902,-0.32970601320266724
Spotted Snake Eel,0.5977795124053955,-0.3905961811542511,0.665020227432251
Spotted snake eel,0.6019793748855591,-0.37962478399276733,0.6633124947547913
Standing's Day Gecko,0.10273895412683487,-0.02776952274143696,0.1049049124121666
Starred Agama,0.2133379727602005,0.7074825763702393,0.5464496612548828
Painted Dragon,0.2048637717962265,0.7096249461174011,0.5620018243789673
Steppe-runner,0.08520251512527466,0.22996017336845398,-0.005262481980025768
Striped Newt,-0.4671681225299835,0.6662352085113525,-0.481834352016449
Spring Peeper,-0.47535350918769836,0.6707079410552979,-0.46679699420928955
Stuttering Frog,0.07591978460550308,0.27236640453338623,0.7535467743873596
Sphagnum Frog,0.07426699995994568,0.2714310884475708,0.7312768697738647
Swellfish,-0.2547118365764618,0.043050505220890045,0.006662341766059399
Tailbar Cichlid,0.8305896520614624,-0.3644179701805115,0.14392025768756866
Blue Acara,0.8598229885101318,-0.37681764364242554,0.14800463616847992
Teardrop Butterfly Fish,-0.6965569257736206,0.7692792415618896,-0.0038640270940959454
Little Moray,-0.6646059155464172,0.7338817119598389,-0.004008821677416563
Tench,-0.05096268281340599,0.001004992751404643,-0.04241970553994179
Grey Heron,-0.11448939889669418,0.03434234857559204,-0.12344120442867279
Doctor fish,0.10035211592912674,0.06413137912750244,-0.02213166281580925
Great Crested Grebe,-0.1253071129322052,0.03158537298440933,-0.11638433486223221
Thompson's Tang,-0.38754457235336304,0.06566545367240906,-0.06474693864583969
Totoaba,-0.09335844218730927,0.013085969723761082,-0.05647866427898407
Gulf Porpoise,-0.13305117189884186,0.02167908474802971,-0.09353240579366684
Triangle Pigtoe,-0.3799861967563629,0.6905404329299927,-0.512912929058075
Phantom Cavesnail,-0.36853328347206116,0.6656914949417114,-0.4936332106590271
Tritri,-0.0297255739569664,0.11817724257707596,-0.09738244861364365
Yemen Chameleon,0.09880170226097107,0.011017297394573689,0.06562581658363342
Eastern Fence Lizard,0.16965411603450775,0.04509560391306877,0.11895815283060074
Carpet Chameleon,0.17689411342144012,0.05083075165748596,0.10035078227519989
California Kingsnake,0.1756310611963272,0.02980547398328781,0.11628692597150803
Rufous Hummingbird,0.18015296757221222,0.03689929097890854,0.10294480621814728
Vermiform,-0.21145662665367126,0.15122409164905548,0.1301923543214798
Viceroy,-0.04771385341882706,0.08503775298595428,-0.06647046655416489
Sauger,-0.12858793139457703,0.03132147341966629,-0.06038827449083328
Barking Owl,-0.06527599692344666,0.17134346067905426,-0.13118375837802887
Gulf Fritillary,-0.0617811493575573,0.1452297568321228,-0.11125387251377106
Japanese Maple,-0.042244281619787216,0.21011623740196228,-0.19533132016658783
Viuda,0.10005397349596024,-0.02570820227265358,0.1838260442018509
Reedfish,-0.1494048535823822,-0.03386300802230835,-0.23533158004283905
Weeping Birch,-0.035557739436626434,0.31309738755226135,-0.3040989637374878
Norway Maple,-0.033926378935575485,0.37622711062431335,-0.3622242212295532
Downy Birch,-0.030942825600504875,0.3680591583251953,-0.3698243498802185
West Indian Manatee,-0.2846004068851471,-0.005908009130507708,0.31869053840637207
Amazonian Manatee,-0.30975598096847534,-0.0031769208144396544,0.36051681637763977
Whitebar Surgeonfish,0.1450384259223938,-0.3794451653957367,-0.20991408824920654
White Crappie,-0.23322293162345886,-0.019622378051280975,-0.012327432632446289
Flathead Catfish,-0.19662663340568542,-0.019994717091321945,-0.03672793135046959
White Perch,-0.1573956459760666,-0.018141862004995346,-0.026330115273594856
Yellow Bullhead,-0.23223131895065308,-0.01641068421304226,-0.043337903916835785
Muskellunge,-0.2304391711950302,-0.040116243064403534,-0.013028339482843876
Freshwater Drum,-0.23354966938495636,-0.02812586911022663,-0.02449110895395279
Black Heron,-0.1971229463815689,-0.023123901337385178,-0.023270370438694954
Coleto,-0.2336435317993164,-0.011993206106126308,-0.029687322676181793
Black Sandshell,-0.22972670197486877,-0.032810330390930176,-0.04777412489056587
Drumfish,-0.23060084879398346,-0.04013388231396675,-0.03191031515598297
White Box,-0.22851896286010742,-0.018415389582514763,-0.05731014534831047
White lotus,-0.03655920550227165,0.0036945322062820196,-0.09245900064706802
Moonflower,-0.06501241773366928,0.014566278085112572,-0.19715431332588196
Suni,-0.048991166055202484,0.008806360885500908,-0.15135149657726288
Whitemargin Unicornfish,0.17791783809661865,-0.25529810786247253,-0.1534343808889389
Coalfish,-0.06818097829818726,-0.11914920806884766,0.13534240424633026
Yacaré,-0.06704327464103699,-0.048760704696178436,-0.08533565700054169
Yellow Fin Seabream,-0.8847522735595703,0.25095999240875244,0.007008525542914867
Yellowfin Sea Bream,-0.8440683484077454,0.23924320936203003,0.007088714279234409
Almaco Jack,-0.12380926311016083,0.11365123093128204,0.05831417441368103
Bullet Tuna,-0.13545455038547516,0.16003741323947906,0.042629871517419815
Guanaco,-0.1474514603614807,0.13771966099739075,0.07642855495214462
Scamp Grouper,-0.10798326134681702,0.09001078456640244,0.040926434099674225
White Seabass,-0.15182791650295258,0.12439117580652237,0.08457425236701965
Yellow Onion,-0.15737858414649963,0.13496050238609314,0.06282980740070343
Beach Pea,-0.13750478625297546,0.13114340603351593,0.09305915981531143
Oilfish,-0.1207122653722763,0.1549990028142929,0.07333271205425262
Humpback Snapper,-0.12247946113348007,0.1629270613193512,0.05306814983487129
Napoleon Wrasse,-0.1484343558549881,0.14831975102424622,0.04909359663724899
Bermuda Cedar,-0.13602662086486816,0.15530811250209808,0.05983170494437218
Yellow Monitor,0.1346796303987503,-0.06629177927970886,0.11942232400178909
Yellow Rat Snake,-0.0580209381878376,-0.18786144256591797,0.17397989332675934
Eastern Rat Snake,-0.06783787906169891,-0.21476422250270844,0.20416997373104095
Pygmy Rattlesnake,-0.07939031720161438,-0.25768256187438965,0.2418965846300125
Brown Watersnake,-0.07699679583311081,-0.2472521811723709,0.2516936957836151
Chicken Snake,-0.08983291685581207,-0.24890147149562836,0.24610474705696106
Yellow Sailfin Tang,0.28338533639907837,-0.625878632068634,0.49550747871398926
Yellow sailfin tang,0.3026244342327118,-0.6698941588401794,0.5309712886810303
Yellow Sea Bream,0.8061929941177368,-0.36938562989234924,-0.2987804710865021
Yellow Seabream,0.7978658676147461,-0.3654903173446655,-0.2956993579864502
Yellow Zebra,0.17973288893699646,0.08551827073097229,-0.16584552824497223
Royal Python,0.1902865618467331,0.022526608780026436,0.11445239931344986
Alpine Ibex,0.29098767042160034,0.20310655236244202,-0.00888126902282238
海南,-0.02006656676530838,0.12840446829795837,-0.11116587370634079